Names,Sawai Mansingh Stadium,Himachal Pradesh Cricket Association Stadium,Nehru Stadium,OUTsurance Oval,"MA Chidambaram Stadium, Chepauk",De Beers Diamond Oval,Wankhede Stadium,Barabati Stadium,Subrata Roy Sahara Stadium,M Chinnaswamy Stadium,Saurashtra Cricket Association Stadium,"Rajiv Gandhi International Stadium, Uppal",SuperSport Park,Eden Gardens,Holkar Cricket Stadium,Sheikh Zayed Stadium,New Wanderers Stadium,Maharashtra Cricket Association Stadium,Brabourne Stadium,Feroz Shah Kotla,Dr DY Patil Sports Academy,"Sardar Patel Stadium, Motera",JSCA International Stadium Complex,Kingsmead,"Punjab Cricket Association IS Bindra Stadium, Mohali",Green Park,St George's Park,"Vidarbha Cricket Association Stadium, Jamtha",Dubai International Cricket Stadium,Sharjah Cricket Stadium,Dr. Y.S. Rajasekhara Reddy ACA-VDCA Cricket Stadium,"Punjab Cricket Association Stadium, Mohali",Newlands,Shaheed Veer Narayan Singh International Stadium,Buffalo Park
RR Raje,1,0,0,0,0,0,2,0,0,0,0,0,1,0,0,0,0,0,0,0,2,0,0,0,0,0,0,0,0,0,0,0,0,0,0
S Kaushik,0,0,0,0,0,0,0,0,0,0,4,0,0,0,0,0,0,0,0,2,0,0,0,0,0,0,0,0,0,0,0,0,0,0,0
SJ Srivastava,0,4,0,0,0,0,0,1,0,0,0,0,0,0,1,0,0,0,1,0,0,0,0,0,0,0,0,0,0,0,0,7,0,0,0
F du Plessis,0,0,0,0,0,0,0,0,0,0,0,0,0,0,0,0,0,0,0,0,0,0,0,0,0,0,0,0,0,0,0,0,0,0,0
MB Parmar,0,0,0,0,0,0,0,0,0,0,0,0,0,0,0,0,0,0,0,0,0,0,0,0,0,0,0,0,0,0,0,0,0,0,0
Shakib Al Hasan,2,0,0,0,1,0,6,1,3,2,0,2,0,17,0,2,0,1,0,1,2,1,2,0,0,0,0,0,0,0,0,0,0,0,0
P Parameswaran,0,0,0,0,0,0,0,0,0,1,0,1,0,0,2,0,0,0,0,5,0,0,0,0,0,0,0,0,0,0,0,0,0,0,0
TM Head,0,0,0,0,0,0,0,0,0,0,0,0,0,0,0,0,0,0,0,0,0,0,0,0,0,0,0,0,0,0,0,0,0,0,0
KM Jadhav,0,0,0,0,0,0,0,0,0,0,0,0,0,0,0,0,0,0,0,0,0,0,0,0,0,0,0,0,0,0,0,0,0,0,0
KP Appanna,4,0,0,0,0,0,0,0,1,1,0,0,0,0,0,0,0,0,0,1,0,0,0,1,0,0,1,0,0,0,0,0,0,0,0
M Kaif,0,0,0,0,0,0,0,0,0,0,0,0,0,0,0,0,0,0,0,0,0,0,0,0,0,0,0,0,0,0,0,0,0,0,0
Mashrafe Mortaza,0,0,0,0,0,0,0,0,0,0,0,0,0,0,0,0,0,0,0,0,0,0,0,0,0,0,0,0,0,0,0,0,0,0,0
SA Abbott,0,0,0,0,0,0,0,0,0,0,0,0,0,0,0,0,0,0,0,0,0,0,0,0,0,0,0,0,0,0,0,0,0,0,0
N Saini,0,0,0,0,0,0,0,0,0,0,0,0,0,0,0,0,0,0,0,0,0,0,0,0,0,0,0,0,0,0,0,0,0,0,0
MM Patel,8,0,0,2,6,0,22,0,1,3,0,1,5,3,0,0,0,0,0,0,1,2,0,4,0,0,0,0,0,0,4,6,5,0,0
RV Gomez,0,0,4,0,0,0,1,0,0,0,0,0,0,0,0,0,0,0,0,0,0,0,0,0,0,0,0,0,0,0,0,0,0,0,0
KV Sharma,0,0,0,0,0,0,3,0,1,4,0,10,0,7,0,0,0,0,1,1,0,1,2,0,0,0,0,0,1,1,1,1,0,2,0
JE Taylor,0,0,0,0,3,0,0,0,0,1,0,0,0,0,0,0,0,0,0,0,2,0,0,0,0,0,0,0,0,0,0,0,0,0,0
DE Bollinger,3,0,1,0,20,0,3,0,0,0,0,0,0,0,0,0,0,0,0,0,8,0,0,0,0,0,0,0,0,0,2,0,0,0,0
F Behardien,0,0,0,0,0,0,0,0,0,0,0,0,0,0,0,0,0,0,0,0,0,0,0,0,0,0,0,0,0,0,0,0,0,0,0
KA Pollard,3,1,0,0,6,0,20,0,0,7,0,2,0,4,0,0,0,0,2,2,6,0,0,0,0,0,0,0,0,0,2,1,0,0,0
SK Trivedi,36,0,0,0,1,2,1,0,0,5,0,6,0,2,0,0,0,0,0,1,0,1,0,3,0,0,1,3,0,0,0,3,0,0,0
TM Srivastava,0,0,0,0,0,0,0,0,0,0,0,0,0,0,0,0,0,0,0,0,0,0,0,0,0,0,0,0,0,0,0,0,0,0,0
S Aravind,3,0,0,0,4,0,2,0,0,22,0,0,0,4,0,0,0,2,0,1,0,0,1,0,0,0,0,0,0,0,0,0,0,1,0
S Randiv,0,0,0,0,4,0,1,0,0,0,0,0,0,0,0,0,0,0,0,0,0,0,0,0,0,0,0,0,0,0,0,1,0,0,0
R Sathish,0,0,0,0,0,0,0,0,0,0,0,0,0,1,0,0,0,1,1,0,0,0,0,0,0,0,0,0,0,0,0,0,0,0,0
LMP Simmons,0,0,0,0,0,0,0,1,0,0,0,0,0,0,0,0,0,0,0,0,0,0,0,0,0,0,0,0,0,0,0,0,0,0,0
S Badrinath,0,0,0,0,0,0,0,0,0,0,0,0,0,0,0,0,0,0,0,0,0,0,0,0,0,0,0,0,0,0,0,0,0,0,0
AA Chavan,5,0,0,0,0,0,1,0,0,0,0,0,0,1,0,0,0,0,0,1,0,0,0,0,0,0,0,0,0,0,0,0,0,0,0
Y Gnaneswara Rao,0,0,0,0,0,0,0,0,0,0,0,0,0,0,0,0,0,0,0,0,0,0,0,0,0,0,0,0,0,0,0,0,0,0,0
J Arunkumar,0,0,0,0,0,0,0,0,0,0,0,0,0,0,0,0,0,0,0,0,0,0,0,0,0,0,0,0,0,0,0,0,0,0,0
NM Coulter-Nile,0,1,0,0,3,0,2,0,0,0,0,1,0,0,0,0,0,0,1,6,0,0,0,0,0,0,0,0,2,0,1,0,0,3,0
Y Venugopal Rao,0,0,0,0,0,0,0,0,0,0,0,2,0,0,0,0,1,0,0,0,0,0,0,1,0,0,2,0,0,0,0,0,0,0,0
JM Kemp,0,0,0,0,0,0,0,0,0,0,0,0,0,3,0,0,0,0,0,0,0,0,0,0,0,0,0,0,0,0,0,0,0,0,0
UBT Chand,0,0,0,0,0,0,0,0,0,0,0,0,0,0,0,0,0,0,0,0,0,0,0,0,0,0,0,0,0,0,0,0,0,0,0
CK Langeveldt,1,2,0,0,0,0,0,0,0,2,0,0,0,1,0,0,0,0,0,2,2,0,0,3,0,0,0,0,0,0,0,0,0,0,0
Sandeep Sharma,0,5,0,0,0,0,4,1,0,6,1,2,0,0,0,3,0,6,0,4,0,1,0,0,8,0,0,0,3,1,3,6,0,0,0
AS Rajpoot,0,0,0,0,1,0,0,0,0,0,0,0,0,2,0,0,0,0,0,0,0,0,0,0,0,1,0,0,0,0,0,0,0,0,0
DJ Thornely,0,0,0,0,0,0,2,0,0,0,0,0,0,0,0,0,0,0,0,0,1,0,0,0,0,0,0,0,0,0,0,0,0,0,0
NV Ojha,0,0,0,0,0,0,0,0,0,0,0,0,0,0,0,0,0,0,0,0,0,0,0,0,0,0,0,0,0,0,0,0,0,0,0
BJ Haddin,0,0,0,0,0,0,0,0,0,0,0,0,0,0,0,0,0,0,0,0,0,0,0,0,0,0,0,0,0,0,0,0,0,0,0
SK Warne,20,0,0,0,3,2,3,0,0,1,0,4,3,1,0,0,0,0,0,1,1,3,0,5,0,0,0,4,0,0,0,2,4,0,0
Karanveer Singh,0,0,0,0,0,0,0,0,0,4,0,0,0,3,0,0,0,0,0,0,0,0,0,0,0,0,0,0,0,0,0,5,0,0,0
MV Boucher,0,0,0,0,0,0,0,0,0,0,0,0,0,0,0,0,0,0,0,0,0,0,0,0,0,0,0,0,0,0,0,0,0,0,0
DJ Jacobs,0,0,0,0,0,0,0,0,0,0,0,0,0,0,0,0,0,0,0,0,0,0,0,0,0,0,0,0,0,0,0,0,0,0,0
M Muralitharan,1,0,0,0,14,2,3,0,2,13,0,3,1,2,0,0,2,0,2,3,5,0,1,4,0,0,3,0,0,0,0,1,0,0,2
DB Ravi Teja,0,0,0,0,0,0,0,0,0,0,0,1,0,0,0,0,0,0,0,0,0,0,0,0,0,0,0,0,0,0,0,0,0,0,0
GS Sandhu,0,0,0,0,0,0,0,0,0,0,0,0,0,0,0,0,0,0,0,0,0,0,0,0,0,0,0,0,0,0,0,0,0,1,0
SA Asnodkar,0,0,0,0,0,0,0,0,0,0,0,0,0,0,0,0,0,0,0,0,0,0,0,0,0,0,0,0,0,0,0,0,0,0,0
AD Mascarenhas,2,0,0,0,0,0,0,0,1,0,0,0,2,1,0,0,0,0,2,0,0,2,0,0,0,0,0,0,0,0,0,5,4,0,0
J Yadav,0,0,0,0,0,0,0,0,0,0,0,1,0,0,0,0,0,0,0,1,0,0,0,0,0,0,0,0,0,0,0,0,0,2,0
Z Khan,3,0,1,0,3,0,5,0,2,26,1,5,0,3,0,1,1,0,8,12,4,0,0,1,1,0,1,0,4,0,1,2,0,4,3
OA Shah,0,0,0,0,0,0,0,0,0,0,0,0,0,0,0,0,0,0,0,0,0,0,0,0,0,0,0,0,0,0,0,0,0,0,0
NS Naik,0,0,0,0,0,0,0,0,0,0,0,0,0,0,0,0,0,0,0,0,0,0,0,0,0,0,0,0,0,0,0,0,0,0,0
CR Brathwaite,0,0,0,0,0,0,0,0,0,1,0,0,0,0,0,0,0,0,0,3,0,0,0,0,0,0,0,0,0,0,0,0,0,3,0
DH Yagnik,0,0,0,0,0,0,0,0,0,0,0,0,0,0,0,0,0,0,0,0,0,0,0,0,0,0,0,0,0,0,0,0,0,0,0
Mohammad Ashraful,0,0,0,0,0,0,0,0,0,0,0,0,0,0,0,0,0,0,0,0,0,0,0,0,0,0,0,0,0,0,0,0,0,0,0
SS Tiwary,0,0,0,0,0,0,0,0,0,0,0,0,0,0,0,0,0,0,0,0,0,0,0,0,0,0,0,0,0,0,0,0,0,0,0
MS Gony,0,0,1,0,8,0,3,0,1,3,0,7,0,1,0,0,1,0,0,1,1,0,0,1,0,0,1,0,0,0,0,6,2,0,0
X Thalaivan Sargunam,0,0,0,0,0,0,0,0,0,0,0,0,0,0,0,0,0,0,0,0,0,0,0,0,0,0,0,0,0,0,0,0,0,0,0
B Chipli,0,0,0,0,0,0,0,0,0,0,0,0,0,0,0,0,0,0,0,0,0,0,0,0,0,0,0,0,0,0,0,0,0,0,0
VS Malik,0,1,0,0,0,0,0,0,0,0,0,0,0,0,0,0,0,0,0,2,0,0,0,2,0,0,0,0,0,0,0,1,0,0,0
MJ Guptill,0,0,0,0,0,0,0,0,0,0,0,0,0,0,0,0,0,0,0,0,0,0,0,0,0,0,0,0,0,0,0,0,0,0,0
Umar Gul,3,0,0,0,0,0,0,0,0,0,0,1,0,6,0,0,0,0,0,0,0,0,0,0,0,0,0,0,0,0,0,2,0,0,0
RR Rossouw,0,0,0,0,0,0,0,0,0,0,0,0,0,0,0,0,0,0,0,0,0,0,0,0,0,0,0,0,0,0,0,0,0,0,0
WD Parnell,3,0,0,0,0,0,2,1,4,0,0,1,0,0,0,0,0,0,0,4,6,0,2,0,0,0,0,0,0,1,0,2,0,0,0
Swapnil Singh,0,0,0,0,0,0,0,0,0,0,0,0,0,0,0,0,0,0,0,0,0,0,0,0,0,0,0,0,0,0,0,0,0,0,0
M Morkel,2,6,3,0,0,0,5,4,1,5,0,3,0,10,0,3,0,2,0,25,0,0,0,0,2,1,0,0,2,0,2,0,0,1,0
RJ Peterson,0,0,0,0,0,0,0,0,0,0,0,0,0,0,0,0,0,0,0,3,0,0,0,0,0,0,0,0,0,0,0,0,0,0,0
JJ van der Wath,0,0,0,0,2,0,0,0,0,0,0,1,0,0,0,0,0,0,0,0,0,0,0,0,0,0,0,0,0,0,0,0,0,0,0
S Gopal,0,0,0,0,0,0,2,0,0,0,0,0,0,0,0,0,0,0,0,0,0,3,0,0,0,0,0,0,0,0,0,2,0,0,0
Salman Butt,0,0,0,0,0,0,0,0,0,0,0,0,0,0,0,0,0,0,0,0,0,0,0,0,0,0,0,0,0,0,0,0,0,0,0
R Shukla,2,0,0,0,0,0,0,0,0,1,0,0,0,0,0,0,0,0,0,2,0,0,0,0,0,0,0,0,0,0,0,0,0,0,0
LA Pomersbach,0,0,0,0,0,0,0,0,0,0,0,0,0,0,0,0,0,0,0,0,0,0,0,0,0,0,0,0,0,0,0,0,0,0,0
JJ Bumrah,0,0,0,0,0,0,8,0,0,4,0,0,0,1,0,0,0,3,0,1,0,0,0,0,3,1,0,0,0,0,3,2,0,0,0
CH Gayle,1,0,0,0,3,0,0,0,1,7,0,0,0,1,0,0,0,0,0,1,0,0,0,0,0,0,0,0,0,0,0,1,0,2,1
YK Pathan,3,0,1,0,1,3,0,0,2,0,0,2,2,11,0,0,0,0,0,1,5,3,0,1,1,0,1,0,0,0,0,3,0,0,0
B Laughlin,0,0,0,0,1,0,0,0,0,0,0,0,0,0,0,0,0,0,0,0,0,0,0,0,0,0,0,0,0,0,0,0,0,0,0
C Ganapathy,0,0,0,0,0,0,0,0,0,0,0,0,0,0,0,0,0,0,0,0,0,0,0,0,0,0,0,0,0,0,0,0,0,0,0
PR Shah,0,0,0,0,0,0,0,0,0,0,0,0,0,0,0,0,0,0,0,0,0,0,0,0,0,0,0,0,0,0,0,0,0,0,0
A Mukund,0,0,0,0,0,0,0,0,0,0,0,0,0,0,0,0,0,0,0,0,0,0,0,0,0,0,0,0,0,0,0,0,0,0,0
LA Carseldine,0,0,0,0,0,0,0,0,0,0,0,0,1,0,0,0,0,0,0,0,0,0,0,0,0,0,0,0,0,0,0,0,0,0,0
M Ashwin,0,0,0,0,0,0,1,0,0,0,2,0,0,0,0,0,0,1,0,0,0,0,0,0,3,0,0,0,0,0,0,0,0,0,0
PJ Sangwan,0,0,0,1,0,0,0,0,0,1,0,0,3,1,0,0,2,0,2,8,1,1,0,8,0,0,1,0,0,0,0,1,0,0,0
AA Bilakhia,0,0,0,0,0,0,0,0,0,0,0,0,0,0,0,0,0,0,0,0,0,0,0,0,0,0,0,0,0,0,0,0,0,0,0
AA Noffke,0,0,0,0,0,0,0,0,0,1,0,0,0,0,0,0,0,0,0,0,0,0,0,0,0,0,0,0,0,0,0,0,0,0,0
JDP Oram,0,0,0,0,3,0,0,0,0,0,0,0,2,0,1,0,0,0,0,0,0,0,0,2,0,0,0,0,0,0,0,0,1,0,0
KD Karthik,0,0,0,0,0,0,0,0,0,0,0,0,0,0,0,0,0,0,0,0,0,0,0,0,0,0,0,0,0,0,0,0,0,0,0
DJ Bravo,2,2,0,0,41,0,14,0,1,4,3,9,1,8,0,0,0,1,1,9,3,1,1,5,4,3,4,0,0,0,0,4,1,0,0
DT Christian,1,2,0,0,1,0,0,0,0,0,0,5,0,0,0,0,0,0,0,3,2,0,0,0,0,0,0,0,0,0,3,2,0,0,0
N Rana,0,0,0,0,0,0,0,0,0,0,0,0,0,0,0,0,0,0,0,0,0,0,0,0,0,0,0,0,0,0,0,0,0,0,0
DJ Harris,0,0,0,0,0,0,0,0,0,0,0,0,0,0,0,0,0,0,0,0,0,0,0,0,0,0,0,0,0,0,0,0,0,0,0
SB Joshi,0,0,0,0,0,0,0,0,0,1,0,0,0,0,0,0,0,0,0,0,0,0,0,0,0,0,0,0,0,0,0,0,0,0,0
AA Jhunjhunwala,0,0,0,0,1,0,0,0,0,0,0,0,0,0,0,0,0,0,0,0,0,0,0,0,0,0,0,0,0,0,0,0,0,0,0
D Salunkhe,1,0,0,0,0,0,0,0,0,0,0,0,0,0,0,0,0,0,0,0,0,0,0,0,0,0,0,0,0,0,0,0,0,0,0
BJ Hodge,1,0,0,0,1,0,0,0,0,0,0,0,0,1,4,0,1,0,0,0,3,0,0,3,0,0,2,0,0,0,0,0,0,0,1
L Ronchi,0,0,0,0,0,0,0,0,0,0,0,0,0,0,0,0,0,0,0,0,0,0,0,0,0,0,0,0,0,0,0,0,0,0,0
SMSM Senanayake,0,0,0,0,0,0,0,0,0,0,0,0,0,5,0,0,0,0,0,0,0,0,2,0,0,0,0,0,0,0,0,2,0,0,0
TP Sudhindra,0,0,0,0,0,0,0,0,0,0,0,0,0,0,0,0,0,0,0,0,0,0,0,0,0,0,0,0,0,0,1,0,0,0,0
KMDN Kulasekara,0,0,0,0,4,0,0,0,0,0,0,0,0,0,0,0,0,0,0,0,1,0,0,0,0,0,0,0,0,0,0,0,0,0,0
NJ Rimmington,0,0,0,0,0,0,0,0,0,0,0,0,0,0,0,0,0,0,0,0,0,0,0,0,0,0,0,0,0,0,0,0,0,0,0
KK Nair,0,0,0,0,0,0,0,0,0,0,0,0,0,0,0,0,0,0,0,0,0,0,0,0,0,0,0,0,0,0,0,0,0,0,0
Mohammad Hafeez,0,0,0,0,0,0,0,0,0,0,0,0,0,1,0,0,0,0,0,0,0,0,0,0,0,0,0,0,0,0,0,1,0,0,0
S Ladda,0,0,0,0,0,0,0,1,0,0,0,0,0,1,0,0,0,0,0,3,0,0,0,0,0,0,0,0,0,0,0,0,0,0,0
AL Menaria,2,0,0,0,0,0,0,0,0,0,0,0,0,1,0,0,0,0,0,0,0,0,0,0,0,0,0,0,0,0,0,0,0,0,0
VS Yeligati,0,0,0,0,0,0,0,0,0,0,0,0,0,0,0,0,0,0,0,0,0,0,0,0,0,0,0,0,0,0,0,0,0,0,0
A Chopra,0,0,0,0,0,0,0,0,0,0,0,0,0,0,0,0,0,0,0,0,0,0,0,0,0,0,0,0,0,0,0,0,0,0,0
NJ Maddinson,0,0,0,0,0,0,0,0,0,0,0,0,0,0,0,0,0,0,0,0,0,0,0,0,0,0,0,0,0,0,0,0,0,0,0
MS Wade,0,0,0,0,0,0,0,0,0,0,0,0,0,0,0,0,0,0,0,0,0,0,0,0,0,0,0,0,0,0,0,0,0,0,0
CJ McKay,0,0,0,0,0,0,0,0,0,0,0,0,0,0,0,0,0,0,0,0,0,0,0,0,0,0,0,0,0,0,0,1,0,0,0
Yuvraj Singh,0,1,0,0,1,0,3,2,3,5,0,3,0,1,0,0,3,0,0,1,7,0,0,3,0,0,0,0,0,0,0,2,0,0,0
DJ Muthuswami,0,0,0,0,1,0,0,0,0,0,0,0,0,0,0,0,0,0,0,3,0,0,0,0,0,0,0,0,0,0,0,0,0,0,0
RV Uthappa,0,0,0,0,0,0,0,0,0,0,0,0,0,0,0,0,0,0,0,0,0,0,0,0,0,0,0,0,0,0,0,0,0,0,0
Shivam Sharma,0,0,0,0,0,0,0,0,0,2,0,1,0,0,0,0,0,0,0,0,0,1,0,0,0,0,0,0,0,0,0,0,0,0,0
Anureet Singh,0,0,0,0,1,0,2,0,0,0,0,0,0,2,0,0,0,5,0,0,0,1,0,0,0,0,0,0,0,0,0,4,2,0,0
YV Takawale,0,0,0,0,0,0,0,0,0,0,0,0,0,0,0,0,0,0,0,0,0,0,0,0,0,0,0,0,0,0,0,0,0,0,0
SS Iyer,0,0,0,0,0,0,0,0,0,0,0,0,0,0,0,0,0,0,0,0,0,0,0,0,0,0,0,0,0,0,0,0,0,0,0
SW Billings,0,0,0,0,0,0,0,0,0,0,0,0,0,0,0,0,0,0,0,0,0,0,0,0,0,0,0,0,0,0,0,0,0,0,0
NLTC Perera,1,0,2,0,0,0,0,0,3,1,0,12,0,0,0,0,0,8,0,2,0,0,0,0,0,0,0,0,0,0,1,1,0,0,0
P Prasanth,0,0,0,0,0,0,0,0,0,0,0,0,0,0,0,0,0,0,0,0,0,0,0,0,0,0,0,0,0,0,0,0,0,0,0
S Dhawan,0,0,0,0,0,0,0,1,0,0,0,2,0,0,0,0,0,0,0,1,0,0,0,0,0,0,0,0,0,0,0,0,0,0,0
AB Barath,0,0,0,0,0,0,0,0,0,0,0,0,0,0,0,0,0,0,0,0,0,0,0,0,0,0,0,0,0,0,0,0,0,0,0
CA Ingram,0,0,0,0,0,0,0,0,0,0,0,0,0,0,0,0,0,0,0,0,0,0,0,0,0,0,0,0,0,0,0,0,0,0,0
CM Gautam,0,0,0,0,0,0,0,0,0,0,0,0,0,0,0,0,0,0,0,0,0,0,0,0,0,0,0,0,0,0,0,0,0,0,0
RS Gavaskar,0,0,0,0,0,0,0,0,0,0,0,0,0,0,0,0,0,0,0,0,0,0,0,0,0,0,0,0,0,0,0,0,0,0,0
DAJ Bracewell,0,0,0,0,0,0,0,0,0,3,0,0,0,0,0,0,0,0,0,0,0,0,0,0,0,0,0,0,0,0,0,0,0,0,0
T Kohli,0,0,0,0,0,0,0,0,0,0,0,0,0,0,0,0,0,0,0,0,0,0,0,0,0,0,0,0,0,0,0,0,0,0,0
CJ Ferguson,0,0,0,0,0,0,0,0,0,0,0,0,0,0,0,0,0,0,0,0,0,0,0,0,0,0,0,0,0,0,0,0,0,0,0
IK Pathan,2,5,2,2,3,0,4,1,3,1,0,3,1,1,0,0,2,0,1,14,0,1,0,10,0,0,0,0,2,0,0,17,2,3,0
R Rampaul,2,0,0,0,3,0,1,0,0,8,0,0,0,0,0,0,0,0,0,0,0,0,1,0,0,0,0,0,0,0,0,1,0,0,0
T Taibu,0,0,0,0,0,0,0,0,0,0,0,0,0,0,0,0,0,0,0,0,0,0,0,0,0,0,0,0,0,0,0,0,0,0,0
UA Birla,0,0,0,0,0,0,0,0,0,0,0,0,0,0,0,0,0,0,0,0,0,0,0,0,0,0,0,0,0,0,0,0,0,0,0
SB Wagh,0,0,0,0,1,0,1,0,0,0,0,0,0,0,0,0,0,0,0,0,3,0,0,0,0,0,0,0,0,0,0,0,0,0,0
K Upadhyay,0,0,0,0,0,0,0,0,0,0,0,0,0,0,0,0,0,0,0,0,0,0,0,0,0,0,0,0,0,0,0,0,0,0,0
BJ Rohrer,0,0,0,0,0,0,0,0,0,0,0,0,0,0,0,0,0,0,0,0,0,0,0,0,0,0,0,0,0,0,0,0,0,0,0
Imran Tahir,0,0,0,0,1,0,3,0,0,0,0,0,0,2,0,0,0,3,0,16,0,2,0,0,0,0,0,0,0,0,1,1,0,0,0
AT Rayudu,0,0,0,0,0,0,0,0,0,0,0,0,0,0,0,0,0,0,0,0,0,0,0,0,0,0,0,0,0,0,0,0,0,0,0
WP Saha,0,0,0,0,0,0,0,0,0,0,0,0,0,0,0,0,0,0,0,0,0,0,0,0,0,0,0,0,0,0,0,0,0,0,0
RA Jadeja,2,0,2,0,12,2,6,0,1,5,4,0,3,7,0,2,0,0,2,5,1,1,8,0,2,0,1,0,4,0,5,2,0,0,0
V Pratap Singh,0,0,0,0,2,0,1,1,0,1,0,4,0,0,0,0,0,0,0,1,0,0,0,0,0,0,0,0,0,0,0,0,0,0,0
R Sharma,3,1,0,0,2,0,2,2,13,2,0,2,0,0,0,0,0,0,1,0,7,0,0,0,0,0,0,0,0,1,0,3,0,1,0
GD McGrath,0,0,0,0,1,0,0,0,0,2,0,0,0,0,0,0,0,0,0,8,0,0,0,0,0,0,0,0,0,0,0,1,0,0,0
Sunny Gupta,0,0,0,0,0,0,0,0,0,0,0,0,0,0,0,0,0,0,0,0,0,0,0,0,0,0,0,0,0,0,0,0,0,0,0
M Klinger,0,0,0,0,0,0,0,0,0,0,0,0,0,0,0,0,0,0,0,0,0,0,0,0,0,0,0,0,0,0,0,0,0,0,0
MA Khote,0,0,0,0,2,0,0,0,0,0,0,0,0,0,0,0,0,0,0,0,0,0,0,0,0,0,0,0,0,0,0,0,0,0,0
GC Smith,0,0,0,0,0,0,0,0,0,0,0,0,0,0,0,0,0,0,0,0,0,0,0,0,0,0,0,0,0,0,0,0,0,0,0
GJ Maxwell,0,0,0,0,0,0,0,1,0,1,0,1,0,1,0,0,0,0,0,0,0,0,0,0,0,0,0,0,0,0,0,0,0,0,0
MK Tiwary,0,0,0,0,0,0,0,0,0,0,0,0,0,1,0,0,0,0,0,0,0,0,0,0,0,0,0,0,0,0,0,0,0,0,0
AC Blizzard,0,0,0,0,0,0,0,0,0,0,0,0,0,0,0,0,0,0,0,0,0,0,0,0,0,0,0,0,0,0,0,0,0,0,0
P Suyal,0,0,0,0,0,0,2,0,0,0,0,0,0,0,0,0,0,0,0,0,0,0,0,0,0,0,0,0,0,0,0,0,0,0,0
SM Katich,0,0,0,0,0,0,0,0,0,0,0,0,0,0,0,0,0,0,0,0,0,0,0,0,0,0,0,0,0,0,0,0,0,0,0
Ishan Kishan,0,0,0,0,0,0,0,0,0,0,0,0,0,0,0,0,0,0,0,0,0,0,0,0,0,0,0,0,0,0,0,0,0,0,0
P Kumar,2,5,0,0,2,0,8,0,2,17,2,5,0,4,0,0,4,0,1,4,3,0,0,4,0,2,2,0,0,0,2,12,3,0,0
Mohammad Asif,0,0,0,0,1,0,1,0,0,0,0,2,0,0,0,0,0,0,0,1,1,0,0,0,0,0,0,0,0,0,0,2,0,0,0
MS Dhoni,0,0,0,0,0,0,0,0,0,0,0,0,0,0,0,0,0,0,0,0,0,0,0,0,0,0,0,0,0,0,0,0,0,0,0
DL Chahar,0,0,0,0,0,0,0,0,0,0,0,0,0,0,0,0,0,0,0,0,0,0,0,0,0,0,0,0,0,0,0,0,0,0,0
TD Paine,0,0,0,0,0,0,0,0,0,0,0,0,0,0,0,0,0,0,0,0,0,0,0,0,0,0,0,0,0,0,0,0,0,0,0
RP Singh,2,1,4,0,4,1,10,1,1,15,0,6,6,3,5,0,4,0,0,1,6,0,0,3,0,0,2,6,0,0,1,1,6,0,1
RE Levi,0,0,0,0,0,0,0,0,0,0,0,0,0,0,0,0,0,0,0,0,0,0,0,0,0,0,0,0,0,0,0,0,0,0,0
GR Napier,0,0,0,0,0,0,0,0,0,0,0,0,0,0,0,0,0,0,0,0,0,0,0,0,0,0,0,0,0,0,0,0,0,0,1
Harmeet Singh (2),0,0,0,0,0,0,0,0,1,0,0,0,0,0,0,0,0,0,0,0,0,0,0,0,0,0,0,0,0,0,0,0,0,0,0
UT Khawaja,0,0,0,0,0,0,0,0,0,0,0,0,0,0,0,0,0,0,0,0,0,0,0,0,0,0,0,0,0,0,0,0,0,0,0
AD Mathews,2,0,0,0,0,0,1,0,6,2,0,0,0,7,0,0,0,1,1,3,1,0,0,0,0,0,0,0,0,0,1,2,0,0,0
DR Martyn,0,0,0,0,0,0,0,0,0,0,0,0,0,0,0,0,0,0,0,0,0,0,0,0,0,0,0,0,0,0,0,0,0,0,0
C Madan,0,0,0,0,0,0,0,0,0,0,0,0,0,0,0,0,0,0,0,0,0,0,0,0,0,0,0,0,0,0,0,0,0,0,0
SP Narine,2,0,0,0,2,0,7,4,5,1,0,1,0,33,0,7,0,2,0,5,0,2,4,0,2,1,0,0,1,1,0,5,0,0,0
BAW Mendis,0,0,0,0,0,0,0,0,1,0,0,0,1,3,0,0,0,0,0,0,0,0,0,0,0,0,0,0,0,0,0,1,2,0,0
KAJ Roach,0,0,0,0,0,0,0,0,0,0,0,0,0,0,0,0,0,0,0,0,0,0,0,0,0,0,0,0,0,0,0,0,0,0,0
JDS Neesham,0,0,0,0,0,0,0,0,0,0,0,0,0,0,0,1,0,0,0,0,0,0,0,0,0,0,0,0,0,0,0,0,0,0,0
S Chanderpaul,0,0,0,0,0,0,0,0,0,0,0,0,0,0,0,0,0,0,0,0,0,0,0,0,0,0,0,0,0,0,0,0,0,0,0
V Shankar,0,0,0,0,0,0,0,0,0,0,0,0,0,0,0,0,0,0,0,0,0,0,0,0,0,0,0,0,0,0,0,0,0,0,0
DA Warner,0,0,0,0,0,0,0,0,0,0,0,0,0,0,0,0,0,0,0,0,0,0,0,0,0,0,0,0,0,0,0,0,0,0,0
S Kaul,1,0,0,0,0,0,0,0,2,1,0,0,0,0,0,0,0,0,0,2,0,0,0,0,0,0,0,0,0,0,0,0,0,0,0
Anand Rajan,1,0,0,0,0,0,3,1,0,1,0,1,0,0,0,0,0,0,0,1,0,0,0,0,0,0,0,0,0,0,0,0,0,0,0
MJ Lumb,0,0,0,0,0,0,0,0,0,0,0,0,0,0,0,0,0,0,0,0,0,0,0,0,0,0,0,0,0,0,0,0,0,0,0
J Botha,9,0,0,1,1,0,0,0,1,1,0,3,0,3,0,0,0,0,0,2,0,0,0,2,0,0,0,0,0,0,0,2,0,0,0
KC Cariappa,0,0,0,0,0,0,0,0,0,0,0,0,0,1,0,0,0,0,0,0,0,0,0,0,3,0,0,0,0,0,0,0,0,0,0
Sohail Tanvir,15,0,0,0,3,0,0,0,0,0,0,0,0,3,0,0,0,0,0,0,1,0,0,0,0,0,0,0,0,0,0,0,0,0,0
PD Collingwood,0,0,0,0,0,0,0,0,0,0,0,0,0,0,0,0,0,0,0,5,0,0,0,0,0,0,0,0,0,0,0,0,0,0,0
Misbah-ul-Haq,0,0,0,0,0,0,0,0,0,0,0,0,0,0,0,0,0,0,0,0,0,0,0,0,0,0,0,0,0,0,0,0,0,0,0
AB McDonald,0,0,0,0,0,0,0,0,0,6,0,0,0,0,0,0,0,0,1,2,0,0,0,0,0,0,0,0,0,0,0,2,0,0,0
Azhar Mahmood,0,6,0,0,3,0,0,0,2,5,0,1,0,3,0,0,0,0,0,0,0,0,0,0,0,0,0,0,0,0,0,9,0,0,0
SR Tendulkar,0,0,0,0,0,0,0,0,0,0,0,0,0,0,0,0,0,0,0,0,0,0,0,0,0,0,0,0,0,0,0,0,0,0,0
M Kartik,0,0,0,0,0,0,2,0,2,4,0,0,2,11,0,0,1,0,1,1,2,0,1,0,0,0,0,0,0,1,0,2,0,0,1
HH Gibbs,0,0,0,0,0,0,0,0,0,0,0,0,0,0,0,0,0,0,0,0,0,0,0,0,0,0,0,0,0,0,0,0,0,0,0
M Manhas,0,0,0,0,0,0,0,0,0,0,0,0,0,0,0,0,0,0,0,0,0,0,0,0,0,0,0,0,0,0,0,0,0,0,0
AP Tare,0,0,0,0,0,0,0,0,0,0,0,0,0,0,0,0,0,0,0,0,0,0,0,0,0,0,0,0,0,0,0,0,0,0,0
IR Jaggi,0,0,0,0,0,0,0,0,0,0,0,0,0,0,0,0,0,0,0,0,0,0,0,0,0,0,0,0,0,0,0,0,0,0,0
PSP Handscomb,0,0,0,0,0,0,0,0,0,0,0,0,0,0,0,0,0,0,0,0,0,0,0,0,0,0,0,0,0,0,0,0,0,0,0
TA Boult,0,0,0,0,1,0,0,0,0,3,0,1,0,0,0,0,0,0,0,1,0,0,0,0,0,0,0,0,0,0,1,3,0,0,0
YS Chahal,0,0,0,0,1,0,3,0,0,30,1,0,0,2,0,1,0,2,0,0,0,2,2,0,1,0,0,0,4,2,0,2,0,3,0
ML Hayden,0,0,0,0,0,0,0,0,0,0,0,0,0,0,0,0,0,0,0,0,0,0,0,0,0,0,0,0,0,0,0,0,0,0,0
SB Bangar,0,0,0,0,1,0,0,0,0,0,0,1,0,0,0,0,0,0,0,0,2,0,0,0,0,0,0,0,0,0,0,0,0,0,0
R McLaren,0,0,0,0,0,0,2,0,0,3,0,2,0,0,0,0,0,0,3,0,1,0,0,0,0,0,0,0,0,0,0,1,0,0,0
H Das,0,0,0,0,0,0,0,0,0,0,0,0,0,0,0,0,0,0,0,0,0,0,0,0,0,0,0,0,0,0,0,0,0,0,0
LJ Wright,0,0,0,0,0,0,0,0,1,1,0,0,0,0,0,0,0,0,0,0,0,0,0,0,0,0,0,0,0,0,0,0,0,0,0
A Ashish Reddy,0,0,0,0,1,0,1,1,2,2,0,9,0,1,0,0,0,0,0,0,0,0,0,0,0,0,0,0,0,0,1,0,0,0,0
RR Pant,0,0,0,0,0,0,0,0,0,0,0,0,0,0,0,0,0,0,0,0,0,0,0,0,0,0,0,0,0,0,0,0,0,0,0
JA Morkel,1,2,0,0,36,1,3,0,0,6,0,2,2,4,0,0,2,2,0,4,4,2,0,3,0,0,2,0,1,2,0,1,0,2,2
AM Rahane,0,0,0,0,0,0,0,0,0,0,0,0,1,0,0,0,0,0,0,0,0,0,0,0,0,0,0,0,0,0,0,0,0,0,0
DP Vijaykumar,0,0,0,0,1,0,0,0,0,0,0,2,0,0,0,0,0,0,0,1,0,0,0,0,0,0,0,0,0,0,0,0,0,0,0
Kamran Akmal,0,0,0,0,0,0,0,0,0,0,0,0,0,0,0,0,0,0,0,0,0,0,0,0,0,0,0,0,0,0,0,0,0,0,0
DJ Hooda,0,0,0,0,0,0,0,0,0,0,1,0,0,2,0,0,0,0,0,0,0,1,0,0,0,0,0,0,0,0,0,0,0,0,0
LPC Silva,0,0,0,0,0,0,0,0,0,0,0,0,0,0,0,0,0,0,0,0,0,0,0,0,0,0,0,0,0,0,0,0,0,0,0
AP Majumdar,0,0,0,0,0,0,0,0,0,0,0,0,0,0,0,0,0,0,0,0,0,0,0,0,0,0,0,0,0,0,0,0,0,0,0
SM Boland,0,0,0,0,0,0,0,0,0,0,0,0,0,0,0,0,0,0,0,2,0,0,0,0,0,0,0,0,0,0,0,0,0,0,0
P Negi,4,0,0,0,1,0,0,0,1,0,0,1,0,1,0,0,0,0,0,1,0,0,0,0,0,0,0,0,0,0,0,2,0,3,0
SE Marsh,0,0,0,0,0,0,0,0,0,0,0,0,0,0,0,0,0,0,0,0,0,0,0,0,0,0,0,0,0,0,0,0,0,0,0
SP Fleming,0,0,0,0,0,0,0,0,0,0,0,0,0,0,0,0,0,0,0,0,0,0,0,0,0,0,0,0,0,0,0,0,0,0,0
M de Lange,0,0,0,0,0,0,2,0,0,0,0,0,0,3,0,0,0,0,0,0,0,0,0,0,0,0,0,0,0,0,0,0,0,0,0
ND Doshi,0,0,0,0,0,0,0,0,0,0,0,0,0,0,1,0,0,0,0,0,1,0,0,0,0,0,0,0,0,0,0,0,0,0,0
Joginder Sharma,0,0,0,0,4,0,1,0,0,2,0,0,0,0,0,0,0,0,1,1,0,0,0,0,0,0,1,0,0,0,0,1,1,0,0
Kuldeep Yadav,0,0,0,0,0,0,0,0,0,0,0,0,0,3,0,0,0,0,0,3,0,0,0,0,0,0,0,0,0,0,0,0,0,0,0
Harpreet Singh,0,0,0,0,0,0,0,0,0,0,0,0,0,0,0,0,0,0,0,0,0,0,0,0,0,0,0,0,0,0,0,0,0,0,0
B Lee,4,0,0,3,1,1,1,1,0,1,0,1,1,4,0,0,0,0,0,1,0,0,0,0,0,0,0,0,0,0,0,5,0,1,0
B Akhil,0,0,0,0,0,0,2,0,0,0,0,0,3,0,0,0,0,0,0,0,0,0,0,0,0,0,1,0,0,0,0,0,0,0,0
V Sehwag,1,0,0,0,3,0,0,0,0,0,0,0,0,0,0,0,0,0,0,1,1,0,0,0,0,0,0,0,0,0,0,0,0,0,0
S Rana,0,0,0,0,0,0,0,0,0,0,0,0,0,0,0,0,0,0,0,0,0,0,0,0,0,0,0,0,0,0,0,0,0,0,0
A Chandila,8,0,0,0,1,0,0,0,0,0,0,1,0,0,0,0,0,0,0,0,0,0,0,0,0,0,0,0,0,0,0,1,0,0,0
VY Mahesh,2,0,0,0,1,0,2,0,1,0,0,1,0,2,0,0,0,0,0,6,3,0,0,0,0,0,0,0,0,0,0,2,1,0,0
DR Smith,0,0,0,0,0,0,3,1,0,3,0,0,0,3,0,2,0,0,0,3,0,0,0,1,0,6,0,1,0,1,0,0,0,0,0
JW Hastings,0,0,0,0,0,0,0,0,0,0,0,0,0,2,0,0,0,0,0,0,0,0,1,0,0,0,0,0,0,0,0,0,0,0,0
RW Price,0,0,0,0,0,0,0,0,0,0,0,0,0,0,0,0,0,0,0,0,0,0,0,0,0,0,0,0,0,0,0,0,0,0,0
GB Hogg,4,0,0,0,2,0,2,0,0,2,0,0,0,12,0,0,0,0,0,1,0,0,0,0,0,0,0,0,0,0,0,0,0,0,0
T Thushara,0,0,0,0,3,0,0,0,0,0,0,0,0,0,0,0,0,0,0,0,0,2,0,2,0,0,0,0,0,0,0,0,1,0,0
YA Abdulla,0,0,0,0,0,0,0,0,0,0,0,0,0,0,0,0,0,0,0,0,0,0,0,10,0,0,1,0,0,0,0,1,3,0,0
MJ McClenaghan,0,0,0,0,1,0,14,0,0,2,0,3,0,5,0,0,0,1,0,4,0,0,0,0,2,0,0,0,0,0,2,0,0,0,0
MD Mishra,0,0,0,0,0,0,0,0,0,0,0,0,0,0,0,0,0,0,0,0,0,0,0,0,0,0,0,0,0,0,0,0,0,0,0
UT Yadav,1,3,0,0,3,0,3,1,2,5,0,6,0,9,0,0,0,4,1,29,0,0,0,0,1,0,0,0,0,1,1,0,0,4,0
RA Shaikh,0,0,0,0,0,0,0,0,0,0,0,0,0,0,0,0,0,0,0,0,0,0,0,0,0,0,0,0,0,0,0,0,0,0,0
C Munro,0,0,0,0,0,0,0,0,0,0,0,0,0,0,0,0,0,0,0,0,0,0,0,0,0,0,0,0,0,0,0,0,0,0,0
DPMD Jayawardene,0,0,0,0,0,0,0,0,0,0,0,0,0,0,0,0,0,0,0,0,0,0,0,0,0,0,0,0,0,0,0,0,0,0,0
D Wiese,0,0,0,0,2,0,0,0,0,6,0,2,0,0,0,0,0,2,0,2,0,0,1,0,0,0,0,0,0,0,0,1,0,0,0
KK Cooper,17,0,0,0,2,0,4,0,0,0,0,0,0,2,0,0,0,0,0,3,0,1,1,0,0,0,0,0,0,0,0,3,0,0,0
AR Patel,0,0,0,0,1,0,3,0,0,3,4,0,0,3,0,3,0,2,0,2,0,2,0,0,4,0,0,0,0,3,2,10,0,0,0
BB McCullum,0,0,0,0,0,0,0,0,0,0,0,0,0,0,0,0,0,0,0,0,0,0,0,0,0,0,0,0,0,0,0,0,0,0,0
JD Unadkat,0,0,2,0,0,0,2,0,0,7,0,2,0,6,0,3,0,0,0,6,0,0,0,0,0,0,0,0,1,2,0,1,0,0,0
AD Nath,0,0,0,0,0,0,0,0,0,0,0,0,0,0,0,0,0,0,0,0,0,0,0,0,0,0,0,0,0,0,0,0,0,0,0
R Tewatia,0,0,0,0,0,0,0,0,0,1,0,0,0,0,0,0,0,0,0,0,0,1,0,0,0,0,0,0,0,0,0,1,0,0,0
P Amarnath,0,0,0,0,4,0,0,0,0,2,0,0,0,0,0,0,0,0,0,0,0,0,0,0,0,0,0,0,0,0,0,1,0,0,0
AN Ghosh,0,0,0,0,0,0,0,0,0,0,0,0,0,0,0,0,0,0,0,0,0,0,0,0,0,0,0,0,0,0,0,0,0,0,0
IC Pandey,0,0,0,0,6,0,3,0,0,1,0,0,0,1,0,2,0,0,0,0,0,0,1,0,0,0,0,0,1,0,0,1,0,2,0
KC Sangakkara,0,0,0,0,0,0,0,0,0,0,0,0,0,0,0,0,0,0,0,0,0,0,0,0,0,0,0,0,0,0,0,0,0,0,0
PA Reddy,0,0,0,0,0,0,0,0,0,0,0,0,0,0,0,0,0,0,0,0,0,0,0,0,0,0,0,0,0,0,0,0,0,0,0
A Nel,0,0,0,0,0,0,0,0,0,0,0,0,0,0,0,0,0,0,0,1,0,0,0,0,0,0,0,0,0,0,0,0,0,0,0
M Ntini,0,0,0,0,0,0,2,0,0,0,0,1,0,4,0,0,0,0,0,0,0,0,0,0,0,0,0,0,0,0,0,0,0,0,0
B Sumanth,0,0,0,0,0,0,0,0,0,0,0,0,0,0,0,0,0,0,0,0,0,0,0,0,0,0,0,0,0,0,0,0,0,0,0
L Ablish,0,0,0,0,0,0,0,0,0,0,0,0,0,0,0,0,0,0,0,1,0,0,0,0,0,0,0,0,0,0,0,2,0,0,0
M Vijay,0,0,0,0,0,0,0,0,0,0,0,0,0,0,0,0,0,0,0,0,0,0,0,0,0,0,0,0,0,0,0,0,0,0,0
KB Arun Karthik,0,0,0,0,0,0,0,0,0,0,0,0,0,0,0,0,0,0,0,0,0,0,0,0,0,0,0,0,0,0,0,0,0,0,0
BE Hendricks,0,0,0,0,0,0,0,0,0,0,0,2,0,1,0,0,0,0,0,3,0,0,0,0,0,0,0,0,0,0,0,3,0,0,0
AB Agarkar,1,0,2,0,2,0,2,0,0,3,0,2,1,5,0,0,0,0,0,4,0,0,0,3,0,0,1,0,0,0,0,2,0,0,1
RG More,0,0,0,0,0,0,0,0,0,0,0,0,0,1,0,0,0,0,0,0,0,0,0,0,0,0,0,0,0,0,0,0,0,0,0
R Dhawan,0,1,0,0,0,0,2,1,0,0,0,3,0,1,0,1,0,0,0,0,0,0,0,0,0,0,0,0,2,1,1,5,0,0,0
SB Styris,0,0,0,0,1,0,0,0,0,1,0,0,0,0,0,0,0,0,0,0,0,0,0,0,0,0,0,0,0,0,0,1,5,0,0
SA Yadav,0,0,0,0,0,0,0,0,0,0,0,0,0,0,0,0,0,0,0,0,0,0,0,0,0,0,0,0,0,0,0,0,0,0,0
KS Williamson,0,0,0,0,0,0,0,0,0,0,0,0,0,0,0,0,0,0,0,0,0,0,0,0,0,0,0,0,0,0,0,0,0,0,0
G Gambhir,0,0,0,0,0,0,0,0,0,0,0,0,0,0,0,0,0,0,0,0,0,0,0,0,0,0,0,0,0,0,0,0,0,0,0
GJ Bailey,0,0,0,0,0,0,0,0,0,0,0,0,0,0,0,0,0,0,0,0,0,0,0,0,0,0,0,0,0,0,0,0,0,0,0
AB Dinda,1,0,0,0,2,0,5,0,10,8,0,8,1,9,0,0,0,3,0,3,2,2,0,1,0,0,0,0,2,0,4,2,1,3,1
A Flintoff,0,0,0,0,0,0,0,0,0,0,0,0,0,0,0,0,0,0,0,0,0,0,0,0,0,0,1,0,0,0,0,0,1,0,0
JEC Franklin,0,0,0,0,1,0,4,0,0,1,0,0,0,2,0,0,0,0,0,0,0,0,0,0,0,0,0,0,0,0,0,1,0,0,0
B Geeves,0,0,0,0,0,0,0,0,0,0,0,0,0,0,0,0,0,0,0,1,0,0,0,0,0,0,0,0,0,0,0,0,0,0,0
JH Kallis,1,0,0,0,6,0,4,0,4,13,0,1,1,11,0,1,2,0,1,5,2,0,3,3,0,0,0,0,1,1,0,4,0,1,0
SK Raina,2,1,0,0,6,0,0,0,0,0,0,2,1,0,0,0,0,0,0,0,2,0,2,4,0,0,1,1,0,0,1,0,0,0,1
KL Rahul,0,0,0,0,0,0,0,0,0,0,0,0,0,0,0,0,0,0,0,0,0,0,0,0,0,0,0,0,0,0,0,0,0,0,0
AJ Finch,0,0,0,0,0,0,1,0,0,0,0,0,0,0,0,0,0,0,0,0,0,0,0,0,0,0,0,0,0,0,0,0,0,0,0
PJ Cummins,0,0,0,0,0,0,0,0,0,0,0,0,0,2,0,0,0,0,0,0,0,0,0,0,0,0,0,0,0,0,0,0,0,0,0
Anirudh Singh,0,0,0,0,0,0,0,0,0,0,0,0,0,0,0,0,0,0,0,0,0,0,0,0,0,0,0,0,0,0,0,0,0,0,0
A Singh,8,0,0,0,0,1,3,0,0,2,0,3,4,1,0,0,0,0,0,2,0,0,0,4,0,0,0,0,0,0,0,0,0,0,0
MA Starc,0,0,0,0,3,0,1,0,0,12,0,1,0,1,0,2,0,1,0,3,0,3,1,0,0,0,0,0,2,3,0,1,0,0,0
AC Gilchrist,0,1,0,0,0,0,0,0,0,0,0,0,0,0,0,0,0,0,0,0,0,0,0,0,0,0,0,0,0,0,0,0,0,0,0
CL White,0,0,0,0,0,0,0,0,0,1,0,0,0,0,0,0,0,0,0,0,0,0,0,0,0,0,0,0,0,0,0,0,0,0,0
PV Tambe,0,0,0,0,0,0,3,0,0,1,3,0,0,0,0,6,0,0,1,3,0,8,0,0,0,0,0,0,1,0,2,0,0,0,0
JP Duminy,0,1,0,0,1,0,2,0,0,0,0,0,2,1,0,0,0,2,0,4,1,1,0,1,0,0,0,0,0,0,4,1,0,1,1
MEK Hussey,0,0,0,0,0,0,0,0,0,0,0,0,0,0,0,0,0,0,0,0,0,0,0,0,0,0,0,0,0,0,0,0,0,0,0
S Narwal,0,0,0,0,0,0,0,0,0,0,0,0,0,0,0,0,0,0,0,3,0,2,0,0,0,0,0,0,0,0,0,0,0,0,0
P Awana,1,4,0,0,2,0,4,1,1,3,0,2,0,0,0,1,0,0,0,4,0,0,0,0,0,0,0,0,0,1,0,15,0,0,0
DL Vettori,0,0,1,0,3,0,0,0,0,10,0,0,1,3,0,0,0,0,0,4,0,0,0,2,0,0,1,0,0,0,0,0,3,0,0
T Shamsi,0,0,0,0,0,0,0,0,0,0,1,1,0,0,0,0,0,1,0,0,0,0,0,0,0,0,0,0,0,0,0,0,0,0,0
MM Sharma,1,0,0,0,16,0,4,2,3,2,3,3,0,3,0,1,0,0,3,6,0,0,7,0,6,0,0,0,5,2,3,0,0,0,0
AUK Pathan,0,0,0,0,0,0,0,0,0,0,0,0,0,0,0,0,0,0,0,0,0,0,0,0,0,0,0,0,0,0,0,0,0,0,0
SW Tait,4,0,0,0,0,0,0,0,3,0,0,0,0,1,0,0,0,0,1,1,0,5,0,0,0,0,0,0,0,0,0,8,0,0,0
A Kumble,1,0,0,0,4,0,0,0,0,9,0,1,3,0,0,0,6,0,1,1,5,0,0,7,0,0,0,1,0,0,0,1,5,0,0
SN Thakur,0,0,0,0,0,0,0,0,0,0,0,0,0,0,0,0,0,0,0,1,0,0,0,0,0,0,0,0,0,0,0,0,0,0,0
SPD Smith,0,0,0,0,0,0,0,0,0,0,0,0,0,0,0,0,0,0,0,0,0,0,0,0,0,0,0,0,0,0,0,0,0,0,0
PP Ojha,1,1,0,0,10,1,16,2,1,4,0,4,3,8,0,0,3,0,4,5,5,3,0,7,0,0,1,4,1,0,0,2,3,0,0
SN Khan,0,0,0,0,0,0,0,0,0,0,0,0,0,0,0,0,0,0,0,0,0,0,0,0,0,0,0,0,0,0,0,0,0,0,0
Shahid Afridi,0,0,0,0,1,0,0,0,0,1,0,5,0,0,0,0,0,0,0,0,2,0,0,0,0,0,0,0,0,0,0,0,0,0,0
Jaskaran Singh,0,0,0,0,0,0,0,1,0,0,0,0,0,2,0,0,0,0,0,0,3,0,0,0,0,0,0,0,0,0,0,0,0,0,0
SD Chitnis,0,0,0,0,0,0,2,0,0,0,0,0,0,0,0,0,0,0,0,0,0,0,0,0,0,0,0,0,0,0,0,0,0,0,0
A Nehra,3,2,0,2,15,0,9,1,4,10,0,5,4,1,0,1,6,0,3,6,6,0,3,3,0,0,2,0,0,0,6,3,0,1,2
C Nanda,0,0,0,0,0,0,0,0,0,0,0,0,0,0,0,0,0,0,0,0,0,0,0,1,0,0,1,0,0,0,0,0,0,0,0
SS Mundhe,0,0,0,0,0,0,0,0,0,0,0,0,0,0,0,0,0,0,0,1,0,0,0,0,0,0,0,0,0,0,0,0,0,0,0
L Balaji,0,0,0,0,7,1,3,2,5,8,0,2,5,12,0,3,0,0,1,6,2,0,3,5,0,0,2,0,1,4,0,3,0,1,0
MC Henriques,1,0,0,0,0,0,0,1,1,2,0,17,0,1,0,0,1,0,1,5,0,1,0,1,1,0,0,0,0,0,3,1,0,0,0
P Sahu,0,0,0,0,0,0,0,0,0,0,0,0,0,0,0,0,0,0,0,0,0,0,0,0,3,0,0,0,0,0,0,0,0,0,0
AF Milne,0,0,0,0,0,0,0,0,0,1,0,0,0,0,0,0,0,0,0,0,0,0,0,0,0,0,0,0,0,0,0,0,0,0,0
S Anirudha,0,0,0,0,0,0,0,0,0,0,0,0,0,0,0,0,0,0,0,0,0,0,0,0,0,0,0,0,0,0,0,0,0,0,0
CRD Fernando,2,0,0,0,0,0,1,0,0,6,0,2,0,1,0,0,0,0,2,0,3,0,0,0,0,0,0,0,0,0,0,0,0,0,0
J Syed Mohammad,0,0,0,0,5,0,1,0,0,1,0,0,0,1,0,0,0,0,0,0,0,0,0,0,0,0,0,0,0,0,0,0,0,0,0
PA Patel,0,0,0,0,0,0,0,0,0,0,0,0,0,0,0,0,0,0,0,0,0,0,0,0,0,0,0,0,0,0,0,0,0,0,0
AG Murtaza,0,0,0,0,0,0,2,0,3,0,0,0,0,0,0,0,0,0,3,1,0,0,0,0,0,0,0,0,0,0,0,0,0,0,0
PM Sarvesh Kumar,0,0,0,0,0,0,0,0,0,0,0,1,0,0,0,0,0,0,0,0,0,0,0,0,0,0,0,0,0,0,0,0,0,0,0
SE Bond,0,0,0,0,0,0,0,0,0,0,0,0,0,5,0,0,0,0,0,0,0,2,0,0,0,0,0,0,0,0,0,2,0,0,0
PC Valthaty,0,3,0,0,0,0,0,0,0,0,0,4,0,0,0,0,0,0,0,0,0,0,0,0,0,0,0,0,0,0,0,0,0,0,0
BR Dunk,0,0,0,0,0,0,0,0,0,0,0,0,0,0,0,0,0,0,0,0,0,0,0,0,0,0,0,0,0,0,0,0,0,0,0
MP Stoinis,0,0,0,0,0,0,0,0,0,0,0,0,0,0,0,0,0,0,0,0,0,0,0,0,4,0,0,0,0,0,4,0,0,0,0
Sunny Singh,0,0,0,0,0,0,0,0,0,0,0,0,0,0,0,0,0,0,0,0,0,0,0,0,0,0,0,0,0,0,0,0,0,0,0
SM Pollock,0,0,0,0,0,0,5,0,0,0,0,0,0,2,0,0,0,0,0,0,3,0,0,0,0,0,0,0,0,0,0,1,0,0,0
BMAJ Mendis,0,0,0,0,0,0,0,0,0,0,0,1,0,0,0,0,0,0,0,0,0,0,0,0,0,0,0,0,0,0,0,0,0,0,0
RJ Quiney,0,0,0,0,0,0,0,0,0,0,0,0,0,0,0,0,0,0,0,0,0,0,0,0,0,0,0,0,0,0,0,0,0,0,0
BA Bhatt,0,0,0,0,0,0,0,0,0,0,0,0,0,4,0,0,0,0,0,1,0,0,0,0,0,0,0,0,0,0,0,7,0,0,0
CA Lynn,0,0,0,0,0,0,0,0,0,0,0,0,0,0,0,0,0,0,0,0,0,0,0,0,0,0,0,0,0,0,0,0,0,0,0
MF Maharoof,1,0,0,4,0,0,3,0,0,2,0,2,0,2,0,0,0,0,0,10,0,1,0,0,0,0,0,0,0,0,0,2,0,0,0
DA Miller,0,0,0,0,0,0,0,0,0,0,0,0,0,0,0,0,0,0,0,0,0,0,0,0,0,0,0,0,0,0,0,0,0,0,0
S Sriram,0,0,0,0,0,0,0,0,0,0,0,0,0,0,0,0,0,0,0,0,0,0,0,0,0,0,0,0,0,0,0,0,0,0,0
AA Kazi,0,0,0,0,0,0,0,0,0,0,0,0,0,0,0,0,0,0,0,0,0,0,0,0,0,0,0,0,0,0,0,0,0,0,0
T Henderson,0,0,0,0,0,0,0,0,0,0,0,0,0,0,0,0,0,0,0,0,0,0,0,0,0,0,0,0,0,0,0,0,1,0,0
RE van der Merwe,1,0,3,0,1,0,0,0,0,0,0,0,1,4,0,0,3,0,0,3,0,0,0,4,0,0,1,0,0,0,0,0,0,0,0
S Sreesanth,5,0,3,2,3,1,2,0,0,2,0,1,1,2,2,0,0,0,0,2,0,0,0,2,0,0,0,0,0,0,0,10,0,0,0
LRPL Taylor,0,0,0,0,0,0,0,0,0,0,0,0,0,0,0,0,0,0,0,0,0,0,0,0,0,0,0,0,0,0,0,0,0,0,0
CK Kapugedera,0,0,0,0,0,0,0,0,0,0,0,0,0,0,0,0,0,0,0,0,0,0,0,0,0,0,0,0,0,0,0,0,0,0,0
I Sharma,1,0,5,0,1,0,6,0,1,2,1,12,0,5,0,1,2,0,3,4,1,2,0,3,0,0,3,0,0,2,0,0,2,0,1
Gagandeep Singh,0,0,0,0,0,0,0,0,0,0,0,1,0,0,0,0,0,0,0,0,0,0,0,0,0,0,0,0,0,0,0,2,0,0,0
AG Paunikar,0,0,0,0,0,0,0,0,0,0,0,0,0,0,0,0,0,0,0,0,0,0,0,0,0,0,0,0,0,0,0,0,0,0,0
S Nadeem,0,0,0,0,0,0,4,0,1,2,2,0,0,2,0,1,0,0,0,11,2,2,0,0,0,0,0,0,2,1,0,0,0,1,0
V Kohli,0,0,1,0,0,0,0,0,0,1,0,2,0,0,0,0,0,0,0,0,0,0,0,0,0,0,0,0,0,0,0,0,0,0,0
NL McCullum,0,0,0,0,0,0,0,0,0,0,0,0,0,0,0,0,0,0,0,0,0,0,0,0,0,0,0,0,0,0,0,0,0,0,0
RR Bhatkal,0,0,0,0,0,0,0,0,0,0,0,0,0,0,0,0,0,0,0,0,0,0,0,0,0,0,0,0,0,0,0,0,0,0,0
CH Morris,1,0,0,0,9,0,0,0,1,0,1,2,0,2,0,0,0,1,4,9,0,4,0,0,2,0,0,0,0,0,3,2,0,1,0
VVS Laxman,0,0,0,0,0,0,0,0,0,0,0,0,0,0,0,0,0,0,0,0,0,0,0,0,0,0,0,0,0,0,0,0,0,0,0
A Zampa,0,0,0,0,0,0,0,0,0,2,0,0,0,0,0,0,0,0,0,0,0,0,0,0,0,0,0,0,0,0,10,0,0,0,0
DW Steyn,2,1,3,0,4,0,4,2,1,5,0,27,0,4,0,2,0,0,3,8,4,2,0,0,0,0,1,3,4,0,5,5,1,0,0
MDKJ Perera,0,0,0,0,0,0,0,0,0,0,0,0,0,0,0,0,0,0,0,0,0,0,0,0,0,0,0,0,0,0,0,0,0,0,0
DB Das,0,0,0,0,0,0,0,0,0,0,0,0,0,0,0,0,0,0,0,0,0,0,0,0,0,0,0,0,0,0,0,0,0,0,0
DS Kulkarni,4,0,0,0,1,0,22,0,0,9,2,3,3,1,0,2,0,3,4,3,4,2,0,0,0,3,2,0,0,1,2,2,0,0,0
AN Ahmed,0,0,0,0,1,0,3,0,2,1,0,0,0,4,0,0,0,0,0,0,0,0,1,0,0,0,0,0,0,0,0,0,0,0,0
TR Birt,0,0,0,0,0,0,0,0,0,0,0,0,0,0,0,0,0,0,0,0,0,0,0,0,0,0,0,0,0,0,0,0,0,0,0
Harmeet Singh,1,0,0,0,1,0,0,0,3,0,0,0,0,2,0,0,2,0,0,7,1,0,0,0,0,0,0,5,0,0,0,3,1,0,0
PP Chawla,2,13,0,0,7,1,4,4,1,12,0,7,2,21,1,4,0,0,1,6,0,0,0,5,1,0,2,0,1,0,0,23,2,0,0
SR Watson,19,0,0,0,2,0,8,0,0,18,1,3,0,2,0,1,0,2,5,2,3,7,0,0,2,0,0,0,0,0,0,6,0,0,0
RR Sarwan,0,0,0,0,0,0,0,0,0,0,0,0,0,0,0,0,0,0,0,0,0,0,0,0,0,0,0,0,0,0,0,0,0,0,0
U Kaul,0,0,0,0,0,0,0,0,0,0,0,0,0,0,0,0,0,0,0,0,0,0,0,0,0,0,0,0,0,0,0,0,0,0,0
J Theron,0,2,0,0,4,0,1,0,2,0,0,0,0,1,0,0,0,0,0,1,0,0,0,0,0,0,0,0,0,0,0,0,0,0,0
MJ Clarke,0,0,0,0,0,0,0,0,2,0,0,0,0,0,0,0,0,0,0,0,0,0,0,0,0,0,0,0,0,0,0,0,0,0,0
SC Ganguly,0,0,0,0,0,0,0,0,0,2,0,2,0,2,0,0,0,0,0,2,0,0,0,2,0,0,0,0,0,0,0,0,0,0,0
DNT Zoysa,0,0,0,0,0,0,0,0,0,0,0,1,0,0,0,0,0,0,0,0,1,0,0,0,0,0,0,0,0,0,0,0,0,0,0
Mandeep Singh,0,0,0,0,0,0,0,0,0,0,0,0,0,0,0,0,0,0,0,0,0,0,0,0,0,0,0,0,0,0,0,0,0,0,0
S Vidyut,1,0,0,0,0,0,0,0,0,0,0,0,0,0,0,0,0,0,0,0,0,0,0,0,0,0,0,0,0,0,0,0,0,0,0
S Tyagi,0,0,0,0,1,0,0,0,0,0,0,0,0,0,0,0,2,0,0,0,0,0,0,1,0,0,1,0,0,0,0,0,0,0,1
R Bhatia,2,0,1,0,3,0,2,1,3,0,0,4,1,20,0,4,2,3,0,6,1,5,1,4,0,0,0,0,2,0,0,1,0,0,3
MG Johnson,0,0,0,0,1,0,18,2,2,4,0,1,0,6,0,2,0,3,0,0,0,2,0,0,2,0,0,0,2,3,0,5,0,0,0
AS Raut,0,0,0,0,0,0,0,0,0,0,0,0,0,0,0,0,0,0,0,0,0,0,0,0,0,0,0,0,0,0,0,0,0,0,0
RG Sharma,0,0,0,0,1,5,0,1,0,0,0,0,4,0,0,0,1,0,0,0,0,0,0,1,0,0,0,0,0,1,0,1,0,0,0
Parvez Rasool,0,0,0,0,0,0,0,0,1,1,0,1,0,0,0,0,0,0,0,0,0,0,0,0,0,0,0,0,0,0,0,0,0,1,0
SS Shaikh,0,0,0,0,0,0,0,0,0,0,0,0,0,0,0,0,0,0,0,0,0,0,0,0,0,0,0,0,0,0,0,0,0,0,0
HM Amla,0,0,0,0,0,0,0,0,0,0,0,0,0,0,0,0,0,0,0,0,0,0,0,0,0,0,0,0,0,0,0,0,0,0,0
K Goel,0,0,0,0,0,0,0,0,0,0,0,0,0,0,0,0,0,0,0,0,0,0,0,0,0,0,0,0,0,0,0,0,0,0,0
BW Hilfenhaus,2,1,0,0,7,0,2,1,0,1,0,0,0,1,0,1,0,0,0,1,0,0,0,0,0,0,0,0,3,2,0,0,0,0,0
Shoaib Ahmed,0,0,0,0,0,2,0,0,0,0,0,0,2,0,0,0,0,0,0,0,0,0,0,0,0,0,0,0,0,0,0,0,0,0,1
M Rawat,0,0,0,0,0,0,0,0,0,0,0,0,0,0,0,0,0,0,0,0,0,0,0,0,0,0,0,0,0,0,0,0,0,0,0
SS Sarkar,0,0,0,0,0,0,0,0,0,0,0,0,0,0,0,0,0,0,0,0,0,0,0,1,0,0,0,0,0,0,0,0,0,0,0
BB Samantray,0,0,0,0,0,0,0,0,0,0,0,0,0,0,0,0,0,0,0,0,0,0,0,0,0,0,0,0,0,0,0,0,0,0,0
MC Juneja,0,0,0,0,0,0,0,0,0,0,0,0,0,0,0,0,0,0,0,0,0,0,0,0,0,0,0,0,0,0,0,0,0,0,0
AM Salvi,0,2,0,2,0,0,0,0,0,0,0,1,1,0,0,0,0,0,0,0,0,0,0,0,0,0,0,0,0,0,0,0,1,0,0
AC Voges,0,0,0,0,0,0,0,0,0,0,0,0,0,0,0,0,0,0,0,0,0,0,0,0,0,0,0,0,0,0,0,0,0,0,0
EJG Morgan,0,0,0,0,0,0,0,0,0,0,0,0,0,0,0,0,0,0,0,0,0,0,0,0,0,0,0,0,0,0,0,0,0,0,0
FY Fazal,0,0,0,0,0,0,0,0,0,0,0,0,0,0,0,0,0,0,0,0,0,0,0,0,0,0,0,0,0,0,0,0,0,0,0
CA Pujara,0,0,0,0,0,0,0,0,0,0,0,0,0,0,0,0,0,0,0,0,0,0,0,0,0,0,0,0,0,0,0,0,0,0,0
WA Mota,0,0,0,1,0,1,0,0,0,0,0,0,0,0,0,0,0,0,0,0,0,0,0,1,0,0,0,0,0,0,0,1,0,0,0
Gurkeerat Singh,0,0,0,0,0,0,0,0,0,0,0,1,0,2,0,0,0,0,0,0,0,0,0,0,0,0,0,0,0,0,2,0,0,0,0
RR Powar,0,2,1,0,1,0,0,0,0,0,0,0,0,1,0,0,2,0,0,2,0,0,0,3,0,0,0,0,0,0,0,1,0,0,0
MN Samuels,0,0,0,0,3,0,1,1,2,1,0,1,0,0,0,0,0,0,0,0,0,0,0,0,0,0,0,0,0,0,0,0,0,0,0
DP Nannes,0,0,1,1,3,0,0,1,0,1,0,0,5,0,0,0,5,0,0,2,0,1,0,1,0,0,1,0,0,0,0,4,0,0,2
MG Neser,0,0,0,0,0,0,0,0,0,0,0,0,0,0,0,0,0,0,0,0,0,0,0,0,0,0,0,0,0,0,0,0,0,0,0
Shoaib Akhtar,0,0,0,0,0,0,1,0,0,0,0,0,0,4,0,0,0,0,0,0,0,0,0,0,0,0,0,0,0,0,0,0,0,0,0
MR Marsh,0,0,0,0,2,0,3,0,3,2,0,6,0,0,0,0,0,0,0,2,0,0,0,0,0,0,0,0,0,0,0,2,0,0,0
KH Pandya,0,0,0,0,0,0,3,0,0,1,0,0,0,0,0,0,0,0,0,0,0,0,0,0,0,0,0,0,0,0,2,0,0,0,0
W Jaffer,0,0,0,0,0,0,0,0,0,0,0,0,0,0,0,0,0,0,0,0,0,0,0,0,0,0,0,0,0,0,0,0,0,0,0
P Dogra,0,0,0,0,0,0,0,0,0,0,0,0,0,0,0,0,0,0,0,0,0,0,0,0,0,0,0,0,0,0,0,0,0,0,0
M Vohra,0,0,0,0,0,0,0,0,0,0,0,0,0,0,0,0,0,0,0,0,0,0,0,0,0,0,0,0,0,0,0,0,0,0,0
DJG Sammy,0,0,0,0,0,0,0,0,0,0,0,2,0,0,0,0,0,0,0,2,0,0,0,0,0,0,0,0,2,1,0,4,0,0,0
AM Nayar,0,0,0,0,1,0,0,0,0,0,0,1,0,0,0,0,0,0,0,1,1,0,0,0,0,0,3,0,0,0,0,0,0,1,1
A Symonds,0,0,0,0,2,0,1,4,0,1,0,0,2,2,0,0,4,0,0,0,1,0,0,1,0,0,0,2,0,0,0,0,0,0,0
VRV Singh,0,0,0,0,1,0,0,0,0,1,0,0,0,2,0,0,0,0,0,0,0,0,0,1,0,0,0,0,0,0,0,7,0,0,0
SB Jakati,0,0,0,0,18,2,2,0,0,1,0,0,2,2,0,0,5,0,1,0,4,2,0,0,0,1,0,1,0,0,2,0,0,0,4
FH Edwards,0,0,0,0,0,0,0,0,0,0,0,0,0,0,0,0,0,0,0,0,0,0,0,3,0,0,1,0,0,0,0,0,1,0,0
RS Sodhi,0,0,0,0,0,0,0,0,0,0,0,0,0,0,0,0,0,0,0,0,0,0,0,0,0,0,0,0,0,0,0,0,0,0,0
R Ashwin,3,1,2,0,43,0,8,0,0,3,0,2,0,8,0,4,0,1,1,5,2,0,5,2,0,0,0,2,1,0,5,2,0,0,0
AD Russell,0,1,0,0,2,0,0,0,0,2,0,1,0,15,0,0,0,2,3,3,0,0,1,0,0,0,0,0,0,0,1,0,0,0,0
JD Ryder,0,0,0,0,0,0,0,0,1,0,0,0,0,0,0,0,0,0,0,0,4,0,0,0,0,0,0,0,0,0,0,0,3,0,0
AP Dole,3,0,0,0,0,0,0,0,0,0,0,0,0,0,0,0,0,0,0,0,0,0,0,0,0,0,0,2,0,0,0,0,0,0,0
Y Nagar,0,0,0,0,0,0,0,1,0,0,0,0,0,0,0,0,2,0,0,1,0,0,0,0,0,0,0,0,0,0,0,0,0,0,0
GH Vihari,0,0,0,0,0,0,0,0,0,0,0,1,0,0,0,0,0,0,0,0,0,0,0,0,0,0,0,0,0,0,0,0,0,0,0
MS Bisla,0,0,0,0,0,0,0,0,0,0,0,0,0,0,0,0,0,0,0,0,0,0,0,0,0,0,0,0,0,0,0,0,0,0,0
RS Bopara,1,0,0,0,0,0,0,0,0,2,0,0,0,1,0,0,0,0,4,0,0,0,0,0,0,0,0,0,0,0,3,0,0,0,0
Kamran Khan,1,0,0,0,0,0,0,0,0,0,0,0,1,2,0,0,0,0,0,0,0,0,0,0,0,0,0,0,0,0,0,0,6,0,0
J Suchith,0,0,0,0,1,0,6,0,0,0,0,2,0,0,0,0,0,0,0,0,0,0,0,0,0,0,0,0,0,0,0,1,0,0,0
AS Yadav,0,0,0,0,0,0,0,0,0,0,0,0,0,0,0,0,0,0,0,0,0,0,0,0,0,0,0,0,0,0,0,0,0,0,0
Sachin Baby,0,0,0,0,0,0,0,0,0,2,0,0,0,0,0,0,0,0,0,0,0,0,0,0,0,0,0,0,0,0,0,0,0,0,0
R Ninan,0,0,0,0,2,0,0,0,0,0,0,1,0,0,0,0,0,0,0,0,0,0,0,0,0,0,0,0,0,0,0,0,0,0,0
JO Holder,2,0,0,0,0,0,0,0,0,0,0,0,0,1,0,0,0,0,0,2,0,0,0,0,0,0,0,0,0,0,0,0,0,0,0
AC Thomas,1,0,0,0,2,0,1,0,0,2,0,0,0,0,0,0,0,0,0,3,5,0,0,0,0,0,0,0,0,0,0,0,0,0,0
CJ Anderson,0,0,0,0,0,0,1,0,0,0,0,0,0,1,0,0,0,0,0,0,0,0,0,0,0,0,0,0,2,1,0,0,0,0,0
TL Suman,0,0,0,0,0,1,0,0,1,0,0,0,2,0,0,0,1,0,0,0,0,0,0,0,0,0,0,0,0,0,0,0,0,0,1
JC Buttler,0,0,0,0,0,0,0,0,0,0,0,0,0,0,0,0,0,0,0,0,0,0,0,0,0,0,0,0,0,0,0,0,0,0,0
CJ Jordan,0,0,0,0,0,0,0,0,0,10,0,0,0,0,0,0,0,0,0,0,0,0,0,0,0,0,0,0,0,0,0,0,0,1,0
BCJ Cutting,0,0,0,0,0,0,0,0,0,2,0,0,0,0,0,0,0,0,0,3,0,1,0,0,0,0,0,0,0,0,0,0,0,0,0
JR Hopes,1,0,0,0,0,0,1,0,0,0,0,1,0,1,0,0,0,0,0,6,1,0,0,0,0,0,0,0,0,0,0,3,0,0,0
S Sohal,0,0,0,0,0,0,0,0,0,0,0,0,0,0,0,0,0,0,0,0,0,0,0,0,0,0,0,0,0,0,0,0,0,0,0
K Santokie,0,0,0,0,0,0,0,0,0,0,0,0,0,0,0,0,0,0,0,0,0,2,0,0,0,0,0,0,0,0,0,1,0,0,0
AB de Villiers,0,0,0,0,0,0,0,0,0,0,0,0,0,0,0,0,0,0,0,0,0,0,0,0,0,0,0,0,0,0,0,0,0,0,0
A Uniyal,0,0,0,0,0,0,0,0,0,0,0,0,0,0,0,0,0,0,2,0,0,0,0,0,0,0,0,0,0,0,0,0,0,0,0
RJ Harris,0,9,0,0,0,0,2,0,1,6,0,1,3,0,1,0,3,0,1,0,3,0,0,0,0,0,0,7,0,0,0,8,0,0,0
Iqbal Abdulla,0,0,0,0,1,0,5,0,4,5,0,5,0,12,0,0,0,0,0,4,1,1,0,0,0,0,0,0,0,0,0,0,0,0,0
SM Harwood,0,0,0,0,0,0,0,0,0,0,0,0,0,0,0,0,0,0,0,0,0,0,0,1,0,0,2,0,0,0,0,0,0,0,0
D Kalyankrishna,0,0,0,0,0,0,0,0,0,0,0,2,0,0,0,0,0,0,0,0,0,0,0,0,0,0,0,0,0,0,0,0,0,0,0
A Mishra,5,4,1,3,6,0,4,2,4,4,1,27,7,4,0,2,3,1,0,36,2,1,0,0,0,0,1,0,0,2,2,2,0,0,0
D du Preez,0,0,0,0,0,0,0,0,0,0,0,0,1,0,0,0,3,0,0,0,0,0,0,0,0,0,0,0,0,0,0,0,0,0,0
I Malhotra,0,0,0,0,0,0,0,0,0,0,0,0,0,0,0,0,0,0,0,0,0,0,0,0,0,0,0,0,0,0,0,0,0,0,0
LR Shukla,2,0,0,0,0,0,0,0,0,1,0,1,0,6,0,0,0,0,0,1,1,0,0,0,0,0,3,0,0,0,0,0,0,0,0
Yashpal Singh,0,0,0,0,0,0,0,0,0,0,0,0,0,0,0,0,0,0,0,0,0,0,0,0,0,0,0,0,0,0,0,0,0,0,0
HV Patel,2,0,0,0,2,0,5,0,1,10,0,0,0,1,0,0,0,3,0,1,0,2,1,0,0,0,0,0,0,0,0,3,0,0,0
DS Lehmann,0,0,0,0,0,0,0,0,0,0,0,0,0,0,0,0,0,0,0,0,0,0,0,0,0,0,0,0,0,0,0,0,0,0,0
Harbhajan Singh,2,1,0,0,4,0,45,2,3,6,0,2,5,9,0,0,0,1,8,5,6,2,0,3,0,1,2,0,2,0,3,4,1,0,1
VR Aaron,0,0,0,0,3,0,1,0,0,5,0,4,0,1,0,0,0,0,0,7,0,0,2,0,0,0,0,0,4,4,0,0,0,0,0
Younis Khan,0,0,0,0,0,0,0,0,0,0,0,0,0,0,0,0,0,0,0,0,0,0,0,0,0,0,0,0,0,0,0,0,0,0,0
ER Dwivedi,0,0,0,0,0,0,0,0,0,0,0,0,0,0,0,0,0,0,0,0,0,0,0,0,0,0,0,0,0,0,0,0,0,0,0
Shoaib Malik,0,0,0,0,0,0,0,0,0,0,0,0,0,0,0,0,0,0,0,0,1,0,0,0,0,0,0,0,0,0,0,1,0,0,0
BB Sran,0,0,0,0,0,0,0,0,0,1,1,5,0,1,0,0,0,0,0,1,0,0,0,0,0,0,0,0,0,0,3,0,0,2,0
S Badree,0,0,0,0,0,0,1,0,0,0,0,0,0,0,0,0,0,0,0,0,0,0,1,0,0,0,0,0,0,0,0,0,0,0,0
Pankaj Singh,5,0,0,0,0,0,0,0,0,2,0,0,0,0,0,0,0,0,0,2,0,0,0,0,0,0,2,0,0,0,0,0,0,0,0
SV Samson,0,0,0,0,0,0,0,0,0,0,0,0,0,0,0,0,0,0,0,0,0,0,0,0,0,0,0,0,0,0,0,0,0,0,0
R Bishnoi,0,0,0,0,0,0,0,0,0,0,0,0,0,0,0,0,0,0,0,0,0,0,0,0,0,0,0,0,0,0,0,0,0,0,0
B Kumar,1,0,0,0,2,0,3,1,12,6,4,15,0,6,0,1,0,0,3,6,1,4,1,0,2,0,0,0,2,5,4,5,0,1,0
KW Richardson,0,0,0,0,0,0,1,0,2,2,1,2,0,0,0,5,0,3,0,1,0,0,0,0,0,0,0,0,0,1,0,0,0,0,0
R Vinay Kumar,2,0,7,0,5,0,7,0,6,27,0,7,2,5,0,2,4,0,3,5,1,3,2,2,0,2,1,1,0,2,1,4,0,0,0
TM Dilshan,0,0,1,0,1,0,0,0,0,1,0,0,0,0,0,0,0,0,0,1,0,0,0,0,0,0,0,0,0,0,0,1,0,0,0
RR Bose,0,0,0,0,0,0,0,0,0,0,0,0,0,0,0,0,0,0,0,0,0,0,0,0,0,0,0,0,0,0,0,0,0,0,0
Mohammed Shami,0,0,0,0,0,0,0,0,0,3,1,2,0,0,0,1,0,0,0,2,0,0,0,0,1,0,0,0,1,1,0,1,0,0,0
Bipul Sharma,0,0,0,0,0,0,1,1,0,2,1,2,0,1,2,0,0,0,0,1,0,0,0,0,0,0,0,0,0,0,0,3,0,0,0
A Mithun,0,0,0,0,0,0,1,0,0,2,0,0,0,0,0,0,0,0,0,3,0,0,1,0,0,0,0,0,0,0,0,0,0,0,0
Q de Kock,0,0,0,0,0,0,0,0,0,0,0,0,0,0,0,0,0,0,0,0,0,0,0,0,0,0,0,0,0,0,0,0,0,0,0
Mustafizur Rahman,0,0,0,0,0,0,0,0,0,3,1,7,0,1,0,0,0,0,0,0,0,0,0,0,1,0,0,0,0,0,3,0,0,1,0
RN ten Doeschate,0,0,0,0,0,0,0,0,0,1,0,0,0,1,0,0,0,0,0,0,0,0,0,0,0,0,0,0,0,0,0,0,0,0,0
KJ Abbott,0,0,0,0,0,0,0,0,0,1,0,0,0,0,0,0,0,0,0,0,0,0,0,0,1,0,0,0,0,0,0,0,0,0,0
DJ Hussey,0,0,0,0,1,0,0,0,0,0,0,2,0,1,0,0,0,0,0,1,0,0,2,0,0,0,0,0,0,0,0,1,0,0,0
SP Goswami,0,0,0,0,0,0,0,0,0,0,0,0,0,0,0,0,0,0,0,0,0,0,0,0,0,0,0,0,0,0,0,0,0,0,0
MK Pandey,0,0,0,0,0,0,0,0,0,0,0,0,0,0,0,0,0,0,0,0,0,0,0,0,0,0,0,0,0,0,0,0,0,0,0
MA Agarwal,0,0,0,0,0,0,0,0,0,0,0,0,0,0,0,0,0,0,0,0,0,0,0,0,0,0,0,0,0,0,0,0,0,0,0
Niraj Patel,0,0,0,0,0,0,0,0,0,0,0,0,0,0,0,0,0,0,0,0,0,0,0,0,0,0,0,0,0,0,0,0,0,0,0
MN van Wyk,0,0,0,0,0,0,0,0,0,0,0,0,0,0,0,0,0,0,0,0,0,0,0,0,0,0,0,0,0,0,0,0,0,0,0
SL Malinga,2,3,0,0,2,0,53,1,4,3,0,7,3,7,0,4,0,0,7,10,8,1,0,6,0,0,5,0,2,2,3,6,3,0,1
Abdur Razzak,0,0,0,0,0,0,0,0,0,0,0,0,0,0,0,0,0,0,0,0,0,0,0,0,0,0,0,0,0,0,0,0,0,0,0
WPUJC Vaas,0,0,0,0,3,2,0,3,0,0,0,3,0,2,0,0,0,0,0,1,2,0,0,2,0,0,0,0,0,0,0,0,0,0,0
TG Southee,0,0,0,0,2,0,3,0,0,3,0,3,0,0,0,0,0,2,0,0,1,1,0,0,2,0,0,0,0,0,1,1,0,0,0
Ankit Sharma,0,0,0,0,1,0,1,2,1,0,0,0,0,0,0,0,0,0,0,0,0,3,2,0,1,0,0,0,0,0,1,0,0,0,0
ST Jayasuriya,0,0,0,0,0,0,1,0,0,0,0,0,1,3,0,0,0,0,0,2,0,0,0,4,0,0,0,0,0,0,0,0,2,0,0
VH Zol,0,0,0,0,0,0,0,0,0,0,0,0,0,0,0,0,0,0,0,0,0,0,0,0,0,0,0,0,0,0,0,0,0,0,0
STR Binny,5,0,0,0,0,0,0,0,1,2,0,1,0,1,0,1,0,0,2,0,0,2,0,0,0,0,0,0,1,0,0,1,0,0,0
HH Pandya,0,0,0,0,0,0,2,0,0,0,0,0,0,1,0,0,0,0,0,1,0,0,0,0,0,0,0,0,0,0,0,0,0,0,0
R Dravid,0,0,0,0,0,0,0,0,0,0,0,0,0,0,0,0,0,0,0,0,0,0,0,0,0,0,0,0,0,0,0,0,0,0,0
DT Patil,0,0,0,0,0,0,0,0,0,0,0,0,0,0,0,0,0,0,0,0,0,0,0,0,0,0,0,0,0,0,0,0,0,0,0
KP Pietersen,0,0,0,0,1,0,0,0,0,1,0,0,0,0,0,0,0,0,0,0,1,0,0,1,0,0,1,0,0,0,0,0,2,0,0
JP Faulkner,14,0,0,0,3,0,3,0,3,2,0,5,0,1,0,3,0,3,4,5,0,2,1,0,0,0,0,0,1,1,0,2,0,0,0
RT Ponting,0,0,0,0,0,0,0,0,0,0,0,0,0,0,0,0,0,0,0,0,0,0,0,0,0,0,0,0,0,0,0,0,0,0,0
